model,accuracy_change,precision_change,recall_change,f1_change,roc_auc_change,tn_change,fp_change,fn_change,tp_change
Logistic Regression,-0.013249999999999984,-0.06893803237806406,0.12005895752378404,0.022242354598617675,-5.208220275265685e-05,-1161.0,1161.0,-896.0,896.0
Gaussian Naive Bayes,0.0,0.0,0.0,0.0,-3.3306690738754696e-16,0.0,0.0,0.0,0.0
Random Forest,-0.011499999999999955,-0.06632032412383848,0.12501674929652962,0.025712800799264968,0.0029532361778475957,-1163.0,1163.0,-933.0,933.0
XGBoost,-0.012800000000000034,-0.06569235786591832,0.11443119388985667,0.02119779437093028,0.0012380932501432351,-1110.0,1110.0,-854.0,854.0
