model,feature_set,raw_feature_count,transformed_feature_count,accuracy_mean,accuracy_std,precision_mean,precision_std,recall_mean,recall_std,f1_mean,f1_std,roc_auc_mean,roc_auc_std,fit_time_mean,score_time_mean,convergence_warning_count
Logistic Regression,full,19,36,0.7868875,0.0042115447730019405,0.7350142049142018,0.006540654315611476,0.6706641116036275,0.006276592015186397,0.7013593461196235,0.005928050470943242,0.8588343096310375,0.0035585562030522834,0.2256244659423828,0.06126203536987305,0
Logistic Regression,reduced,18,35,0.7869875,0.004345076236385265,0.7350735251742005,0.00666439480484606,0.6709656079201343,0.006551366168722554,0.7015511293206244,0.006149588846492568,0.8588328033438739,0.0035675996110918363,0.20824170112609863,0.059520721435546875,0
