model,selected_feature_set,accuracy,precision,recall,f1,roc_auc,tn,fp,fn,tp
Logistic Regression Tuned,reduced,0.77005,0.6624687996369413,0.7823931394881415,0.7174540763039873,0.8564701277999783,9562,2975,1624,5839
