model,selected_feature_set,accuracy,precision,recall,f1,roc_auc,tn,fp,fn,tp,convergence_warning_count
Logistic Regression,full,0.78315,0.7311446317657497,0.6624681763365938,0.6951142355008787,0.8564930961262075,10719,1818,2519,4944,0
