model,version,selected_feature_set,accuracy,precision,recall,f1,roc_auc,tn,fp,fn,tp,false_positive_rate,false_negative_rate,specificity,balanced_accuracy
Logistic Regression,baseline,reduced,0.7833,0.7311271975180972,0.6631381481977757,0.6954749859471613,0.856472340198084,10717,1820,2514,4949,0.14517029592406477,0.33686185180222433,0.8548297040759353,0.7589839261368555
Logistic Regression,tuned,reduced,0.77005,0.6624687996369413,0.7823931394881415,0.7174540763039873,0.8564701277999783,9562,2975,1624,5839,0.23729759910664433,0.2176068605118585,0.7627024008933556,0.7725477701907486
Gaussian Naive Bayes,baseline,full,0.7608,0.6491149949905377,0.7813211845102506,0.7091085978353399,0.8445587955003586,9385,3152,1632,5831,0.2514158092047539,0.21867881548974943,0.7485841907952461,0.7649526876527484
Gaussian Naive Bayes,tuned,full,0.7608,0.6491149949905377,0.7813211845102506,0.7091085978353399,0.8445587955003583,9385,3152,1632,5831,0.2514158092047539,0.21867881548974943,0.7485841907952461,0.7649526876527484
Random Forest,baseline,full,0.77945,0.7255394620159622,0.657778373308321,0.6899992972099234,0.8506429223551618,10680,1857,2554,4909,0.14812156018186168,0.34222162669167894,0.8518784398181383,0.7548284065632296
Random Forest,tuned,full,0.76795,0.6592191378921237,0.7827951226048506,0.7157120980091883,0.8535961585330094,9517,3020,1621,5842,0.24088697455531627,0.2172048773951494,0.7591130254446837,0.7709540740247671
XGBoost,baseline,reduced,0.78205,0.7281011169900059,0.6638081200589575,0.6944697553795472,0.8544263475623344,10687,1850,2509,4954,0.14756321288984606,0.3361918799410425,0.8524367871101539,0.7581224535845557
XGBoost,tuned,reduced,0.76925,0.6624087591240876,0.7782393139488142,0.7156675497504775,0.8556644408124776,9577,2960,1655,5808,0.2361011406237537,0.22176068605118585,0.7638988593762464,0.7710690866625303
