model,cv_f1_mean,cv_roc_auc_mean,cv_recall_mean,test_f1,test_roc_auc,test_recall,test_precision,test_accuracy,fn,cv_f1_rank,cv_roc_auc_rank,cv_recall_rank,test_f1_rank,test_roc_auc_rank,test_recall_rank,test_precision_rank,test_accuracy_rank,fn_rank,norm_cv_f1,norm_test_f1,norm_test_recall,norm_test_roc_auc,norm_low_fn_advantage,composite_reference_score,composite_rank
Logistic Regression,0.7221597949982266,0.8588368248530749,0.7872432221959459,0.7173565900994964,0.8564410139234548,0.7825271338603779,0.6622065993876857,0.7699,1623,1.0,1.0,1.0,1.0,1.0,2.0,2.0,1.0,2.0,1.0,1.0,0.9411764705882295,1.0,0.9411764705882353,0.9823529411764694,1.0
Random Forest,0.720920124238794,0.8563652545074982,0.7868412345880579,0.7157120980091883,0.8535961585330094,0.7827951226048506,0.6592191378921237,0.76795,1621,3.0,3.0,3.0,2.0,3.0,1.0,3.0,3.0,1.0,0.8764187616680682,0.8006191036993884,1.0,0.7605787665949966,1.0,0.8829592191681707,2.0
XGBoost,0.7211200738992691,0.857218513923381,0.7835917262862069,0.7156675497504775,0.8556644408124776,0.7782393139488142,0.6624087591240876,0.76925,1655,2.0,2.0,4.0,3.0,2.0,4.0,1.0,2.0,4.0,0.8963514949825756,0.7952180003418595,0.0,0.9346440973120194,0.0,0.6059919330605683,3.0
Gaussian Naive Bayes,0.7121285736238068,0.845753118340102,0.7868746512667172,0.7091085978353399,0.8445587955003583,0.7813211845102506,0.6491149949905377,0.7608,1632,4.0,4.0,2.0,4.0,4.0,3.0,4.0,4.0,3.0,0.0,0.0,0.6764705882352869,0.0,0.6764705882352942,0.20294117647058682,4.0
