model,cv_f1_mean,cv_roc_auc_mean,cv_recall_mean,test_f1,test_roc_auc,test_recall,test_precision,test_accuracy,fn,cv_f1_rank,cv_roc_auc_rank,cv_recall_rank,test_f1_rank,test_roc_auc_rank,test_recall_rank,test_precision_rank,test_accuracy_rank,fn_rank,norm_cv_f1,norm_test_f1,norm_test_recall,norm_test_roc_auc,norm_low_fn_advantage,composite_reference_score,composite_rank
Logistic Regression,0.7222685794234783,0.8588387622930179,0.7871092244564529,0.7174540763039873,0.8564701277999783,0.7823931394881415,0.6624687996369413,0.77005,1624,1.0,1.0,1.0,1.0,1.0,2.0,1.0,1.0,2.0,1.0,1.0,0.9117647058823444,1.0,0.9117647058823529,0.9735294117647042,1.0
Random Forest,0.720920124238794,0.8563652545074982,0.7868412345880579,0.7157120980091883,0.8535961585330094,0.7827951226048506,0.6592191378921237,0.76795,1621,3.0,3.0,3.0,2.0,3.0,1.0,3.0,3.0,1.0,0.8670163300372105,0.7912668157561888,1.0,0.7587197473232614,1.0,0.8771443941843969,2.0
XGBoost,0.7211200738992691,0.857218513923381,0.7835917262862069,0.7156675497504775,0.8556644408124776,0.7782393139488142,0.6624087591240876,0.76925,1655,2.0,2.0,4.0,3.0,2.0,4.0,2.0,2.0,4.0,0.8867352201863239,0.785928804415297,0.0,0.9323596246637817,0.0,0.6000754906354159,3.0
Gaussian Naive Bayes,0.7121285736238068,0.845753118340102,0.7868746512667172,0.7091085978353399,0.8445587955003583,0.7813211845102506,0.6491149949905377,0.7608,1632,4.0,4.0,2.0,4.0,4.0,3.0,4.0,4.0,3.0,0.0,0.0,0.6764705882352869,0.0,0.6764705882352942,0.20294117647058682,4.0
