model,feature_set,raw_feature_count,transformed_feature_count,estimated_dense_memory_mb,accuracy_mean,accuracy_std,precision_mean,precision_std,recall_mean,recall_std,f1_mean,f1_std,roc_auc_mean,roc_auc_std,fit_time_mean,fit_time_std,score_time_mean,score_time_std
Gaussian Naive Bayes,full,19,36,27.47,0.762625,0.001852468791909849,0.6503596533994116,0.0019586918776722108,0.7868746512667172,0.00505925626871504,0.7121285736238068,0.002720489704755346,0.845753118340102,0.002340896360122743,0.25264863967895507,0.021387150979296506,0.10870814323425293,0.019113036154211487
Gaussian Naive Bayes,reduced,18,35,26.7,0.7623625,0.0016288416129261927,0.6503962023094867,0.0014123785571471348,0.7851996262224425,0.005845884723401501,0.7114620033394361,0.0028145277802000225,0.8445755196535973,0.002184408818186012,0.24724068641662597,0.024418043457552125,0.08699045181274415,0.007039158301482148
