model,selected_feature_set,best_var_smoothing,accuracy,precision,recall,f1,roc_auc,tn,fp,fn,tp
Gaussian Naive Bayes Tuned,full,1e-12,0.7608,0.6491149949905377,0.7813211845102506,0.7091085978353399,0.8445587955003583,9385,3152,1632,5831
