metric,baseline,tuned,absolute_change,relative_change_percent
accuracy,0.7608,0.7608,0.0,0.0
precision,0.6491149949905377,0.6491149949905377,0.0,0.0
recall,0.7813211845102506,0.7813211845102506,0.0,0.0
f1,0.7091085978353399,0.7091085978353399,0.0,0.0
roc_auc,0.8445587955003586,0.8445587955003583,-3.3306690738754696e-16,-3.9436793407642097e-14
tn,9385.0,9385.0,0.0,not_applicable
fp,3152.0,3152.0,0.0,not_applicable
fn,1632.0,1632.0,0.0,not_applicable
tp,5831.0,5831.0,0.0,not_applicable
