model,feature_set,raw_feature_count,transformed_feature_count,accuracy_mean,accuracy_std,precision_mean,precision_std,recall_mean,recall_std,f1_mean,f1_std,roc_auc_mean,roc_auc_std,fit_time_mean,fit_time_std,score_time_mean
Random Forest,full,19,36,0.7822125000000001,0.005430778892111142,0.7290448158284571,0.007312222398898437,0.6625571052942376,0.008887989454591537,0.6942097785424531,0.008128359103300904,0.8518869118038204,0.0037851085410303908,1.5123741149902343,0.019488831151169658,0.18587265014648438
Random Forest,reduced,18,35,0.7820874999999999,0.004705091989005087,0.7289706206055409,0.0064474302219846655,0.6621887419568674,0.007923371788963322,0.6939717845559389,0.0070451553548562616,0.852147469137525,0.0040451397906945945,1.3376989841461182,0.021114605508449638,0.1873856544494629
