metric,baseline,tuned,absolute_change,relative_change_percent
accuracy,0.77945,0.76795,-0.011499999999999955,-1.475399320033351
precision,0.7255394620159622,0.6592191378921237,-0.06632032412383848,-9.14082935469324
recall,0.657778373308321,0.7827951226048506,0.12501674929652962,19.005907516805877
f1,0.6899992972099234,0.7157120980091883,0.025712800799264968,3.726496665030976
roc_auc,0.8506429223551618,0.8535961585330094,0.0029532361778475957,0.34717695289476064
tn,10680.0,9517.0,-1163.0,not_applicable
fp,1857.0,3020.0,1163.0,not_applicable
fn,2554.0,1621.0,-933.0,not_applicable
tp,4909.0,5842.0,933.0,not_applicable
