model,selected_feature_set,cv_accuracy_mean,cv_accuracy_std,cv_precision_mean,cv_precision_std,cv_recall_mean,cv_recall_std,cv_f1_mean,cv_f1_std,cv_roc_auc_mean,cv_roc_auc_std,test_accuracy,test_precision,test_recall,test_f1,test_roc_auc,tn,fp,fn,tp,total_search_time_seconds,false_positive_rate,false_negative_rate,specificity,balanced_accuracy
Logistic Regression,reduced,0.7741374999999999,0.0031675601809594,0.6673075786519909,0.0033316854704353,0.7871092244564529,0.0063617843025691,0.7222685794234783,0.0043030157152105,0.8588387622930179,0.0031875815119868,0.77005,0.6624687996369413,0.7823931394881415,0.7174540763039873,0.8564701277999783,9562,2975,1624,5839,not_recorded,0.23729759910664433,0.2176068605118585,0.7627024008933556,0.7725477701907486
Gaussian Naive Bayes,full,0.762625,0.0016568984579629,0.6503596533994116,0.0017519072741807,0.7868746512667172,0.0045251363729755,0.7121285736238068,0.0024332799647685,0.845753118340102,0.0020937613558065,0.7608,0.6491149949905377,0.7813211845102506,0.7091085978353399,0.8445587955003583,9385,3152,1632,5831,34.27450499999395,0.2514158092047539,0.21867881548974943,0.7485841907952461,0.7649526876527484
Random Forest,full,0.7727,0.0020805648271563,0.6652094642540393,0.0016905176871818,0.7868412345880579,0.0069400002011505,0.720920124238794,0.0035107268355105,0.8563652545074982,0.0034219120681774,0.76795,0.6592191378921237,0.7827951226048506,0.7157120980091883,0.8535961585330094,9517,3020,1621,5842,857.0019959000056,0.24088697455531627,0.2172048773951494,0.7591130254446837,0.7709540740247671
XGBoost,reduced,0.7738625000000001,0.0030944506782303,0.6678847392179238,0.0028900623444458,0.7835917262862069,0.0071194432727223,0.7211200738992691,0.0045208415041526,0.857218513923381,0.0036444842421862,0.76925,0.6624087591240876,0.7782393139488142,0.7156675497504775,0.8556644408124776,9577,2960,1655,5808,183.05365390000225,0.2361011406237537,0.22176068605118585,0.7638988593762464,0.7710690866625303
