model,feature_set,raw_feature_count,transformed_feature_count,accuracy_mean,accuracy_std,precision_mean,precision_std,recall_mean,recall_std,f1_mean,f1_std,roc_auc_mean,roc_auc_std,fit_time_mean,fit_time_std,score_time_mean,score_time_std
XGBoost,full,19,36,0.7839125000000001,0.005174041275927364,0.7305022647820154,0.007090808416415751,0.6669119560847838,0.007972811581048681,0.697259508367372,0.007584550888590839,0.854729687202961,0.003704506806250237,0.5054728507995605,0.06415770230977963,0.08605732917785644,0.004368844843869817
XGBoost,reduced,18,35,0.784525,0.005064158678892279,0.7317069893456842,0.006298520427433669,0.6671130452687712,0.00962091905328036,0.6979103404614542,0.00792904256609827,0.8548500126879797,0.0042146348873437,0.4661602020263672,0.02412749377160751,0.08642921447753907,0.0074651461811366835
