metric,baseline,tuned,absolute_change,relative_change_percent
accuracy,0.78205,0.76925,-0.012800000000000034,-1.6367239946295038
precision,0.7281011169900059,0.6624087591240876,-0.06569235786591832,-9.022422343958583
recall,0.6638081200589575,0.7782393139488142,0.11443119388985667,17.23859507468713
f1,0.6944697553795472,0.7156675497504775,0.02119779437093028,3.052371137364375
roc_auc,0.8544263475623344,0.8556644408124776,0.0012380932501432351,0.1449034493933265
tn,10687.0,9577.0,-1110.0,not_applicable
fp,1850.0,2960.0,1110.0,not_applicable
fn,2509.0,1655.0,-854.0,not_applicable
tp,4954.0,5808.0,854.0,not_applicable
